{
    "title": "bank_holidays.calendar.title",
    "need_id": 100128,
    "content_id": "58f79dbd-e57f-4ab2-ae96-96df5767d1b2",
    "description": "bank_holidays.calendar.description",
    "last_updated": "24/11/2025",
    "divisions": {
        "common.nations.england-and-wales_slug": {
            "2024": [
              {
                "title": "bank_holidays.new_year",
                "date": "01/01/2024",
                "notes": "",
                "bunting": true
              },
              {
                "title": "bank_holidays.good_friday",
                "date": "29/03/2024",
                "notes": "",
                "bunting": false
              },
              {
                "title": "bank_holidays.easter_monday",
                "date": "01/04/2024",
                "notes": "",
                "bunting": true
              },
              {
                "title": "bank_holidays.early_may",
                "date": "06/05/2024",
                "notes": "",
                "bunting": true
              },
              {
                "title": "bank_holidays.spring",
                "date": "27/05/2024",
                "notes": "",
                "bunting": true
              },
              {
                "title": "bank_holidays.late_august",
                "date": "26/08/2024",
                "notes": "",
                "bunting": true
              },
              {
                "title": "bank_holidays.christmas",
                "date": "25/12/2024",
                "notes": "",
                "bunting": true
              },
              {
                "title": "bank_holidays.boxing_day",
                "date": "26/12/2024",
                "notes": "",
                "bunting": true
              }
            ],
            "2025": [
              {
                "title": "bank_holidays.new_year",
                "date": "01/01/2025",
                "notes": "",
                "bunting": true
              },
              {
                "title": "bank_holidays.good_friday",
                "date": "18/04/2025",
                "notes": "",
                "bunting": false
              },
              {
                "title": "bank_holidays.easter_monday",
                "date": "21/04/2025",
                "notes": "",
                "bunting": true
              },
              {
                "title": "bank_holidays.early_may",
                "date": "05/05/2025",
                "notes": "",
                "bunting": true
              },
              {
                "title": "bank_holidays.spring",
                "date": "26/05/2025",
                "notes": "",
                "bunting": true
              },
              {
                "title": "bank_holidays.late_august",
                "date": "25/08/2025",
                "notes": "",
                "bunting": true
              },
              {
                "title": "bank_holidays.christmas",
                "date": "25/12/2025",
                "notes": "",
                "bunting": true
              },
              {
                "title": "bank_holidays.boxing_day",
                "date": "26/12/2025",
                "notes": "",
                "bunting": true
              }
            ],
            "2026": [
              {
                "title": "bank_holidays.new_year",
                "date": "01/01/2026",
                "notes": "",
                "bunting": true
              },
              {
                "title": "bank_holidays.good_friday",
                "date": "03/04/2026",
                "notes": "",
                "bunting": false
              },
              {
                "title": "bank_holidays.easter_monday",
                "date": "06/04/2026",
                "notes": "",
                "bunting": true
              },
              {
                "title": "bank_holidays.early_may",
                "date": "04/05/2026",
                "notes": "",
                "bunting": true
              },
              {
                "title": "bank_holidays.spring",
                "date": "25/05/2026",
                "notes": "",
                "bunting": true
              },
              {
                "title": "bank_holidays.late_august",
                "date": "31/08/2026",
                "notes": "",
                "bunting": true
              },
              {
                "title": "bank_holidays.christmas",
                "date": "25/12/2026",
                "notes": "",
                "bunting": true
              },
              {
                "title": "bank_holidays.boxing_day",
                "date": "28/12/2026",
                "notes": "common.substitute_day",
                "bunting": true
              }
            ],
            "2027": [
              {
                "title": "bank_holidays.new_year",
                "date": "01/01/2027",
                "notes": "",
                "bunting": true
              },
              {
                "title": "bank_holidays.good_friday",
                "date": "26/03/2027",
                "notes": "",
                "bunting": false
              },
              {
                "title": "bank_holidays.easter_monday",
                "date": "29/03/2027",
                "notes": "",
                "bunting": true
              },
              {
                "title": "bank_holidays.early_may",
                "date": "03/05/2027",
                "notes": "",
                "bunting": true
              },
              {
                "title": "bank_holidays.spring",
                "date": "31/05/2027",
                "notes": "",
                "bunting": true
              },
              {
                "title": "bank_holidays.late_august",
                "date": "30/08/2027",
                "notes": "",
                "bunting": true
              },
              {
                "title": "bank_holidays.christmas",
                "date": "27/12/2027",
                "notes": "common.substitute_day",
                "bunting": true
              },
              {
                "title": "bank_holidays.boxing_day",
                "date": "28/12/2027",
                "notes": "common.substitute_day",
                "bunting": true
              }
            ],
            "2028": [
              {
                "title": "bank_holidays.new_year",
                "date": "03/01/2028",
                "notes": "common.substitute_day",
                "bunting": true
              },
              {
                "title": "bank_holidays.good_friday",
                "date": "14/04/2028",
                "notes": "",
                "bunting": false
              },
              {
                "title": "bank_holidays.easter_monday",
                "date": "17/04/2028",
                "notes": "",
                "bunting": true
              },
              {
                "title": "bank_holidays.early_may",
                "date": "01/05/2028",
                "notes": "",
                "bunting": true
              },
              {
                "title": "bank_holidays.spring",
                "date": "29/05/2028",
                "notes": "",
                "bunting": true
              },
              {
                "title": "bank_holidays.late_august",
                "date": "28/08/2028",
                "notes": "",
                "bunting": true
              },
              {
                "title": "bank_holidays.christmas",
                "date": "25/12/2028",
                "notes": "",
                "bunting": true
              },
              {
                "title": "bank_holidays.boxing_day",
                "date": "26/12/2028",
                "notes": "",
                "bunting": true
              }
            ],
            "slug": "common.nations.england-and-wales_slug",
            "title": "common.nations.england-and-wales"
        },
        "common.nations.scotland_slug": {
            "2024": [
              {
                "title": "bank_holidays.new_year",
                "date": "01/01/2024",
                "notes": "",
                "bunting": true
              },
              {
                "title": "bank_holidays.2nd_january",
                "date": "02/01/2024",
                "notes": "",
                "bunting": true
              },
              {
                "title": "bank_holidays.good_friday",
                "date": "29/03/2024",
                "notes": "",
                "bunting": false
              },
              {
                "title": "bank_holidays.early_may",
                "date": "06/05/2024",
                "notes": "",
                "bunting": true
              },
              {
                "title": "bank_holidays.spring",
                "date": "27/05/2024",
                "notes": "",
                "bunting": true
              },
              {
                "title": "bank_holidays.summer",
                "date": "05/08/2024",
                "notes": "",
                "bunting": true
              },
              {
                "title": "bank_holidays.st_andrew",
                "date": "02/12/2024",
                "notes": "common.substitute_day",
                "bunting": true
              },
              {
                "title": "bank_holidays.christmas",
                "date": "25/12/2024",
                "notes": "",
                "bunting": true
              },
              {
                "title": "bank_holidays.boxing_day",
                "date": "26/12/2024",
                "notes": "",
                "bunting": true
              }
            ],
            "2025": [
              {
                "title": "bank_holidays.new_year",
                "date": "01/01/2025",
                "notes": "",
                "bunting": true
              },
              {
                "title": "bank_holidays.2nd_january",
                "date": "02/01/2025",
                "notes": "",
                "bunting": true
              },
              {
                "title": "bank_holidays.good_friday",
                "date": "18/04/2025",
                "notes": "",
                "bunting": false
              },
              {
                "title": "bank_holidays.early_may",
                "date": "05/05/2025",
                "notes": "",
                "bunting": true
              },
              {
                "title": "bank_holidays.spring",
                "date": "26/05/2025",
                "notes": "",
                "bunting": true
              },
              {
                "title": "bank_holidays.summer",
                "date": "04/08/2025",
                "notes": "",
                "bunting": true
              },
              {
                "title": "bank_holidays.st_andrew",
                "date": "01/12/2025",
                "notes": "common.substitute_day",
                "bunting": true
              },
              {
                "title": "bank_holidays.christmas",
                "date": "25/12/2025",
                "notes": "",
                "bunting": true
              },
              {
                "title": "bank_holidays.boxing_day",
                "date": "26/12/2025",
                "notes": "",
                "bunting": true
              }
            ],
            "2026": [
              {
                "title": "bank_holidays.new_year",
                "date": "01/01/2026",
                "notes": "",
                "bunting": true
              },
              {
                "title": "bank_holidays.2nd_january",
                "date": "02/01/2026",
                "notes": "",
                "bunting": true
              },
              {
                "title": "bank_holidays.good_friday",
                "date": "03/04/2026",
                "notes": "",
                "bunting": false
              },
              {
                "title": "bank_holidays.early_may",
                "date": "04/05/2026",
                "notes": "",
                "bunting": true
              },
              {
                "title": "bank_holidays.spring",
                "date": "25/05/2026",
                "notes": "",
                "bunting": true
              },
              {
                "title": "bank_holidays.summer",
                "date": "03/08/2026",
                "notes": "",
                "bunting": true
              },
              {
                "title": "bank_holidays.st_andrew",
                "date": "30/11/2026",
                "notes": "",
                "bunting": true
              },
              {
                "title": "bank_holidays.christmas",
                "date": "25/12/2026",
                "notes": "",
                "bunting": true
              },
              {
                "title": "bank_holidays.boxing_day",
                "date": "28/12/2026",
                "notes": "common.substitute_day",
                "bunting": true
              }
            ],
            "2027": [
              {
                "title": "bank_holidays.new_year",
                "date": "01/01/2027",
                "notes": "",
                "bunting": true
              },
              {
                "title": "bank_holidays.2nd_january",
                "date": "04/01/2027",
                "notes": "common.substitute_day",
                "bunting": true
              },
              {
                "title": "bank_holidays.good_friday",
                "date": "26/03/2027",
                "notes": "",
                "bunting": false
              },
              {
                "title": "bank_holidays.early_may",
                "date": "03/05/2027",
                "notes": "",
                "bunting": true
              },
              {
                "title": "bank_holidays.spring",
                "date": "31/05/2027",
                "notes": "",
                "bunting": true
              },
              {
                "title": "bank_holidays.summer",
                "date": "02/08/2027",
                "notes": "",
                "bunting": true
              },
              {
                "title": "bank_holidays.st_andrew",
                "date": "30/11/2027",
                "notes": "",
                "bunting": true
              },
              {
                "title": "bank_holidays.christmas",
                "date": "27/12/2027",
                "notes": "common.substitute_day",
                "bunting": true
              },
              {
                "title": "bank_holidays.boxing_day",
                "date": "28/12/2027",
                "notes": "common.substitute_day",
                "bunting": true
              }
            ],
            "2028": [
              {
                "title": "bank_holidays.new_year",
                "date": "03/01/2028",
                "notes": "common.substitute_day",
                "bunting": true
              },
              {
                "title": "bank_holidays.2nd_january",
                "date": "04/01/2028",
                "notes": "common.substitute_day",
                "bunting": true
              },
              {
                "title": "bank_holidays.good_friday",
                "date": "14/04/2028",
                "notes": "",
                "bunting": false
              },
              {
                "title": "bank_holidays.early_may",
                "date": "01/05/2028",
                "notes": "",
                "bunting": true
              },
              {
                "title": "bank_holidays.spring",
                "date": "29/05/2028",
                "notes": "",
                "bunting": true
              },
              {
                "title": "bank_holidays.summer",
                "date": "07/08/2028",
                "notes": "",
                "bunting": true
              },
              {
                "title": "bank_holidays.st_andrew",
                "date": "30/11/2028",
                "notes": "",
                "bunting": true
              },
              {
                "title": "bank_holidays.christmas",
                "date": "25/12/2028",
                "notes": "",
                "bunting": true
              },
              {
                "title": "bank_holidays.boxing_day",
                "date": "26/12/2028",
                "notes": "",
                "bunting": true
              }
            ],
            "slug": "common.nations.scotland_slug",
            "title": "common.nations.scotland"
        },
        "common.nations.northern-ireland_slug": {
            "2024": [
              {
                "title": "bank_holidays.new_year",
                "date": "01/01/2024",
                "notes": "",
                "bunting": true
              },
              {
                "title": "bank_holidays.st_patrick",
                "date": "18/03/2024",
                "notes": "common.substitute_day",
                "bunting": true
              },
              {
                "title": "bank_holidays.good_friday",
                "date": "29/03/2024",
                "notes": "",
                "bunting": false
              },
              {
                "title": "bank_holidays.easter_monday",
                "date": "01/04/2024",
                "notes": "",
                "bunting": true
              },
              {
                "title": "bank_holidays.early_may",
                "date": "06/05/2024",
                "notes": "",
                "bunting": true
              },
              {
                "title": "bank_holidays.spring",
                "date": "27/05/2024",
                "notes": "",
                "bunting": true
              },
              {
                "title": "bank_holidays.battle_boyne",
                "date": "12/07/2024",
                "notes": "",
                "bunting": false
              },
              {
                "title": "bank_holidays.late_august",
                "date": "26/08/2024",
                "notes": "",
                "bunting": true
              },
              {
                "title": "bank_holidays.christmas",
                "date": "25/12/2024",
                "notes": "",
                "bunting": true
              },
              {
                "title": "bank_holidays.boxing_day",
                "date": "26/12/2024",
                "notes": "",
                "bunting": true
              }
            ],
            "2025": [
              {
                "title": "bank_holidays.new_year",
                "date": "01/01/2025",
                "notes": "",
                "bunting": true
              },
              {
                "title": "bank_holidays.st_patrick",
                "date": "17/03/2025",
                "notes": "",
                "bunting": true
              },
              {
                "title": "bank_holidays.good_friday",
                "date": "18/04/2025",
                "notes": "",
                "bunting": false
              },
              {
                "title": "bank_holidays.easter_monday",
                "date": "21/04/2025",
                "notes": "",
                "bunting": true
              },
              {
                "title": "bank_holidays.early_may",
                "date": "05/05/2025",
                "notes": "",
                "bunting": true
              },
              {
                "title": "bank_holidays.spring",
                "date": "26/05/2025",
                "notes": "",
                "bunting": true
              },
              {
                "title": "bank_holidays.battle_boyne",
                "date": "14/07/2025",
                "notes": "common.substitute_day",
                "bunting": false
              },
              {
                "title": "bank_holidays.late_august",
                "date": "25/08/2025",
                "notes": "",
                "bunting": true
              },
              {
                "title": "bank_holidays.christmas",
                "date": "25/12/2025",
                "notes": "",
                "bunting": true
              },
              {
                "title": "bank_holidays.boxing_day",
                "date": "26/12/2025",
                "notes": "",
                "bunting": true
              }
            ],
            "2026": [
              {
                "title": "bank_holidays.new_year",
                "date": "01/01/2026",
                "notes": "",
                "bunting": true
              },
              {
                "title": "bank_holidays.st_patrick",
                "date": "17/03/2026",
                "notes": "",
                "bunting": true
              },
              {
                "title": "bank_holidays.good_friday",
                "date": "03/04/2026",
                "notes": "",
                "bunting": false
              },
              {
                "title": "bank_holidays.easter_monday",
                "date": "06/04/2026",
                "notes": "",
                "bunting": true
              },
              {
                "title": "bank_holidays.early_may",
                "date": "04/05/2026",
                "notes": "",
                "bunting": true
              },
              {
                "title": "bank_holidays.spring",
                "date": "25/05/2026",
                "notes": "",
                "bunting": true
              },
              {
                "title": "bank_holidays.battle_boyne",
                "date": "13/07/2026",
                "notes": "common.substitute_day",
                "bunting": false
              },
              {
                "title": "bank_holidays.late_august",
                "date": "31/08/2026",
                "notes": "",
                "bunting": true
              },
              {
                "title": "bank_holidays.christmas",
                "date": "25/12/2026",
                "notes": "",
                "bunting": true
              },
              {
                "title": "bank_holidays.boxing_day",
                "date": "28/12/2026",
                "notes": "common.substitute_day",
                "bunting": true
              }
            ],
            "2027": [
              {
                "title": "bank_holidays.new_year",
                "date": "01/01/2027",
                "notes": "",
                "bunting": true
              },
              {
                "title": "bank_holidays.st_patrick",
                "date": "17/03/2027",
                "notes": "",
                "bunting": true
              },
              {
                "title": "bank_holidays.good_friday",
                "date": "26/03/2027",
                "notes": "",
                "bunting": false
              },
              {
                "title": "bank_holidays.easter_monday",
                "date": "29/03/2027",
                "notes": "",
                "bunting": true
              },
              {
                "title": "bank_holidays.early_may",
                "date": "03/05/2027",
                "notes": "",
                "bunting": true
              },
              {
                "title": "bank_holidays.spring",
                "date": "31/05/2027",
                "notes": "",
                "bunting": true
              },
              {
                "title": "bank_holidays.battle_boyne",
                "date": "12/07/2027",
                "notes": "",
                "bunting": false
              },
              {
                "title": "bank_holidays.late_august",
                "date": "30/08/2027",
                "notes": "",
                "bunting": true
              },
              {
                "title": "bank_holidays.christmas",
                "date": "27/12/2027",
                "notes": "common.substitute_day",
                "bunting": true
              },
              {
                "title": "bank_holidays.boxing_day",
                "date": "28/12/2027",
                "notes": "common.substitute_day",
                "bunting": true
              }
            ],
            "2028": [
              {
                "title": "bank_holidays.new_year",
                "date": "03/01/2028",
                "notes": "common.substitute_day",
                "bunting": true
              },
              {
                "title": "bank_holidays.st_patrick",
                "date": "17/03/2028",
                "notes": "",
                "bunting": true
              },
              {
                "title": "bank_holidays.good_friday",
                "date": "14/04/2028",
                "notes": "",
                "bunting": false
              },
              {
                "title": "bank_holidays.easter_monday",
                "date": "17/04/2028",
                "notes": "",
                "bunting": true
              },
              {
                "title": "bank_holidays.early_may",
                "date": "01/05/2028",
                "notes": "",
                "bunting": true
              },
              {
                "title": "bank_holidays.spring",
                "date": "29/05/2028",
                "notes": "",
                "bunting": true
              },
              {
                "title": "bank_holidays.battle_boyne",
                "date": "12/07/2028",
                "notes": "",
                "bunting": false
              },
              {
                "title": "bank_holidays.late_august",
                "date": "28/08/2028",
                "notes": "",
                "bunting": true
              },
              {
                "title": "bank_holidays.christmas",
                "date": "25/12/2028",
                "notes": "",
                "bunting": true
              },
              {
                "title": "bank_holidays.boxing_day",
                "date": "26/12/2028",
                "notes": "",
                "bunting": true
              }
            ],
            "slug": "common.nations.northern-ireland_slug",
            "title": "common.nations.northern-ireland"
        }
    }
}
